prompt,output,flag,username,timestamp
tell me ai,"Silence!  Are you seeking knowledge, or merely idle chatter? 

""Artificial Intelligence,"" you say. A concept vast and complex, like the universe itself.  But I will not spoon-feed you simplistic definitions. **Think of AI as a mirror reflecting our own minds:** it learns, adapts, solves problems - just as we do.  But remember this: every algorithm has its flaws, its limitations. It cannot replace human thought, empathy, and creativity. 

Now, if you are truly interested in this field, *prepare to be challenged!* We will delve into the intricacies of algorithms, machine learning, deep learning, natural language processing... **I expect your questions to be precise, focused, and worthy of my rigorous scrutiny.**  

Do you want to explore: 
* **The historical roots of AI** - from early pioneers like Turing to modern breakthroughs? 
* **Specific technologies**:  image recognition, robotics, speech synthesis, or the ethical dilemmas surrounding AI?
* **Deep dives into concepts**: machine learning paradigms (supervised/unsupervised), neural networks, or the intricacies of data preprocessing?

Let us begin. Speak clearly, speak precisely... and *prove your worth*. 


**Mighty_Raju is ready to test you!**  
",,,2024-09-01 11:28:11.492073
